{
  "norm_stats": {
    "state": {
      "mean": [
        -0.00009585231779788733,
        0.00007065844941344582,
        3.042500134132518e-6,
        0.9347207439984601,
        -1.279842822669597,
        -0.501078538042782,
        3.7887983090853243e-6,
        -0.44061964585938906,
        0.045495694368121634,
        -0.0963358688100682,
        -0.6201855381263561,
        0.37737833755415323,
        0.16441886009805431,
        -0.04586385791044493,
        -0.49298819210663875,
        -0.05803722279702595,
        0.05996838227983311,
        -0.637244024801216,
        -0.23744544075230764,
        0.16837162573833064,
        0.05051156405785219,
        0.0844515979116233,
        0.07891100940619139,
        0.0,
        0.0,
        0.0,
        0.0,
        0.0,
        0.0,
        0.0,
        0.0,
        0.0
      ],
      "std": [
        0.009380521356032484,
        0.008737841275136047,
        0.013717498955410802,
        0.4333050824770378,
        0.7831816587349674,
        0.4366174932367094,
        0.0001050263335301418,
        0.438915651882993,
        0.16196321712680578,
        0.45968311799818545,
        0.5235311282576606,
        0.5708128478074372,
        0.5228107373181092,
        0.5244470488067371,
        0.4178213997565916,
        0.17146805269989432,
        0.3992702491539425,
        0.5408620606088576,
        0.5463364023499551,
        0.5310237912083885,
        0.4807658343034215,
        0.030085395907482857,
        0.03407688287751421,
        0.0,
        0.0,
        0.0,
        0.0,
        0.0,
        0.0,
        0.0,
        0.0,
        0.0
      ],
      "q01": [
        -0.24481483356654646,
        -0.233074548381567,
        -0.2869327240586281,
        0.4481376044034958,
        -2.558819658637047,
        -1.8321593658447266,
        -0.000607921879994683,
        -2.2736918589830397,
        -0.17450004816055298,
        -2.3051792071580888,
        -1.637552217245102,
        -1.7279932149648667,
        -1.047197937965393,
        -1.5708000659942627,
        -2.2303171682596203,
        -1.2646935770511625,
        -1.8766488179922103,
        -1.6306263506412506,
        -2.3169951416015624,
        -1.046745909357071,
        -1.5707980394363403,
        1.0183576800382178e-8,
        1.8808222399258062e-8,
        0.0,
        0.0,
        0.0,
        0.0,
        0.0,
        0.0,
        0.0,
        0.0,
        0.0
      ],
      "q99": [
        0.23787369590401652,
        0.236971572162211,
        0.29090057978928097,
        1.7133003278970718,
        -0.3971555125236511,
        0.24370830834507956,
        0.0005762436287943275,
        0.5086975346803666,
        1.0484056051135062,
        1.8833599665403375,
        0.09450164373442532,
        2.3561959266662598,
        1.0471985340118408,
        1.5692858146071433,
        0.4019971824198962,
        0.17450004816055298,
        2.120099947190281,
        0.08140798791944981,
        2.001150734031199,
        1.0471982412576675,
        1.5684490218400955,
        0.10000000149011612,
        0.10000000149011612,
        0.0,
        0.0,
        0.0,
        0.0,
        0.0,
        0.0,
        0.0,
        0.0,
        0.0
      ]
    },
    "actions": {
      "mean": [
        0.05004083378482883,
        0.0009983353600936276,
        -0.0013450554950851612,
        0.934890257692589,
        -1.2804836852504,
        -0.5019234337486437,
        0.0,
        -0.44109645545213666,
        0.04561157879162514,
        -0.09721816658876029,
        -0.620524124525965,
        0.3803173491990004,
        0.16545521905672583,
        -0.04474543034299303,
        0.38281924647289584,
        -0.4935935670563079,
        -0.05814950317786746,
        0.06066952841485809,
        -0.6373670439193702,
        -0.23984434686930206,
        0.16920469368712435,
        0.04994305481549501,
        0.25188771707503255,
        0.0,
        0.0,
        0.0,
        0.0,
        0.0,
        0.0,
        0.0,
        0.0,
        0.0
      ],
      "std": [
        0.13672689457716114,
        0.08002674675188709,
        0.12357366261604961,
        0.4331050060718762,
        0.782868589239155,
        0.4365311172047168,
        0.0,
        0.43904686319317016,
        0.1620982908100781,
        0.46206384394707894,
        0.5237118623727695,
        0.5729396782276703,
        0.5252482758256211,
        0.5271844796122689,
        0.9238239193061653,
        0.4178704783488515,
        0.1715952362980715,
        0.40148008903267285,
        0.5414314868910046,
        0.5492650082140869,
        0.5334437916434179,
        0.48332666640998273,
        0.9677567820292584,
        0.0,
        0.0,
        0.0,
        0.0,
        0.0,
        0.0,
        0.0,
        0.0,
        0.0
      ],
      "q01": [
        -0.3495012853235006,
        -0.34592123739719394,
        -0.2999999523162842,
        0.44999998807907104,
        -2.5590335845947267,
        -1.8325998783111572,
        0.0,
        -2.2718408918380737,
        -0.1745000034570694,
        -2.3101751804351807,
        -1.6382914781570435,
        -1.7373114660739897,
        -1.0471980571746826,
        -1.5707999467849731,
        -1.0,
        -2.2321142467975617,
        -1.2650930893540382,
        -1.8809731402873993,
        -1.6290850016355514,
        -2.319953880929947,
        -1.0471980571746826,
        -1.5707999467849731,
        -1.0,
        0.0,
        0.0,
        0.0,
        0.0,
        0.0,
        0.0,
        0.0,
        0.0,
        0.0
      ],
      "q99": [
        0.34999996423721313,
        0.34999974557757374,
        0.2999999523162842,
        1.7138503921031951,
        -0.4000000059604645,
        0.24316699162125613,
        0.0,
        0.5086983497440816,
        1.0496440464615824,
        1.8854120877146734,
        0.0951068103313446,
        2.3561956882476807,
        1.0471980571746826,
        1.5707999467849731,
        1.0,
        0.4026433697432279,
        0.1745000034570694,
        2.1230305613279343,
        0.08324681008234627,
        2.004929000258446,
        1.0471980571746826,
        1.5707999467849731,
        1.0,
        0.0,
        0.0,
        0.0,
        0.0,
        0.0,
        0.0,
        0.0,
        0.0,
        0.0
      ]
    }
  }
}